<?xml version="1.0" encoding="UTF-8" standalone="yes"?>
<manifest>
  <control namespace="Contoso" constructor="MermaidCDNJSControl" version="1.0.3" display-name-key="Mermaid JS Viewer" description-key="Mermaid JS Viewer renders mermaid markup into its visual form" control-type="standard" api-version="1.3.15">
    <external-service-usage enabled="false"/>
    <property name="Theme" display-name-key="Theme" description-key="Mermaid theme" of-type="Enum" usage="input" required="true">
      <value name="default" display-name-key="default">0</value>
      <value name="dark" display-name-key="dark">1</value>
      <value name="forest" display-name-key="forest">2</value>
      <value name="neutral" display-name-key="neutral">3</value>
    </property>
    <property name="ImageStretch" display-name-key="Image Width Size" description-key="Size of generated image width" of-type="Enum" usage="input" required="true">
      <value name="default" display-name-key="default">0</value>
      <value name="stretched" display-name-key="stretched">1</value>
    </property>
    <property name="Markup" display-name-key="Markup" description-key="Mermaid markup" of-type="SingleLine.TextArea" usage="input" required="true"/>
    <property name="MermaidCDNVersion" default-value="11" display-name-key="Mermaid CDN Version" description-key="Mermaid CDN Version" of-type="Whole.None" usage="input" required="false"/>
    <resources>
      <code path="bundle.js" order="1"/>
    </resources>
    <built-by name="pac" version="1.35.1"/>
  </control>
</manifest>